image,class
cover 3_400935229101866201.mp4_frame5.jpg,cover 3
cover 2_401331242101959801.mp4_frame3.jpg,cover 2
cover 1_401331242101917301.mp4_frame15.jpg,cover 1
cover 2_401331242101856501.mp4_frame7.jpg,cover 2
cover 0_401331242102917301.mp4_frame9.jpg,cover 0
cover 2_401331242102948801.mp4_frame6.jpg,cover 2
cover 1_401331242102945501.mp4_frame7.jpg,cover 1
cover 1_401331242101999901.mp4_frame8.jpg,cover 1
cover 2_401331242102976901.mp4_frame11.jpg,cover 2
cover 2_400763462102909002.mp4_frame0.jpg,cover 2
cover 2_401331242102898301.mp4_frame4.jpg,cover 2
cover 2_401331242102964401.mp4_frame13.jpg,cover 2
cover 2_401117515101849907.mp4_frame11.jpg,cover 2
cover 1_401135295101858801.mp4_frame12.jpg,cover 1
cover 0_401331242102864101.mp4_frame26.jpg,cover 0
cover 1_401135295101886901.mp4_frame8.jpg,cover 1
cover 1_401135289103899201.mp4_frame1.jpg,cover 1
cover 2_401331242101977901.mp4_frame7.jpg,cover 2
cover 1_401331242102945501.mp4_frame11.jpg,cover 1
cover 1_401135289101924901.mp4_frame1.jpg,cover 1
cover 1_401331242102969501.mp4_frame2.jpg,cover 1
cover 2_401331242102884401.mp4_frame16.jpg,cover 2
cover 1_401135295101876401.mp4_frame26.jpg,cover 1
cover 1_400935229101905601.mp4_frame7.jpg,cover 1
cover 3_400763462101944601.mp4_frame5.jpg,cover 3
cover 1_401135295101858801.mp4_frame6.jpg,cover 1
cover 2_401331242102934001.mp4_frame10.jpg,cover 2
cover 1_401117515102849907.mp4_frame5.jpg,cover 1
cover 2_401135289102988101.mp4_frame5.jpg,cover 2
cover 2_401331242102955501.mp4_frame19.jpg,cover 2
cover 1_401331242101854601.mp4_frame9.jpg,cover 1
cover 1_400935229101907701.mp4_frame6.jpg,cover 1
cover 2_401331242102948801.mp4_frame11.jpg,cover 2
cover 2_400935229101869501.mp4_frame14.jpg,cover 2
cover 1_400935229101858401.mp4_frame5.jpg,cover 1
cover 1_400935229101905601.mp4_frame12.jpg,cover 1
cover 2_400935229101869501.mp4_frame2.jpg,cover 2
cover 1_401331242102995601.mp4_frame13.jpg,cover 1
cover 1_401331242102995601.mp4_frame12.jpg,cover 1
cover 1_400935229101905601.mp4_frame13.jpg,cover 1
cover 2_400935229101869501.mp4_frame3.jpg,cover 2
cover 1_400935229101858401.mp4_frame4.jpg,cover 1
cover 2_401331242102948801.mp4_frame10.jpg,cover 2
cover 2_400935229101869501.mp4_frame15.jpg,cover 2
cover 1_401331242101854601.mp4_frame8.jpg,cover 1
cover 2_401135289102988101.mp4_frame4.jpg,cover 2
cover 1_401117515102849907.mp4_frame4.jpg,cover 1
cover 2_401331242102955501.mp4_frame18.jpg,cover 2
cover 2_401331242102934001.mp4_frame11.jpg,cover 2
cover 3_400763462101944601.mp4_frame4.jpg,cover 3
cover 1_400935229101905601.mp4_frame6.jpg,cover 1
cover 1_401135295101858801.mp4_frame7.jpg,cover 1
cover 1_401135295101876401.mp4_frame27.jpg,cover 1
cover 1_401331242102969501.mp4_frame3.jpg,cover 1
cover 2_401331242102884401.mp4_frame17.jpg,cover 2
cover 1_401135289101924901.mp4_frame0.jpg,cover 1
cover 1_401331242102945501.mp4_frame10.jpg,cover 1
cover 2_401331242101977901.mp4_frame6.jpg,cover 2
cover 1_401135289103899201.mp4_frame0.jpg,cover 1
cover 1_401135295101886901.mp4_frame9.jpg,cover 1
cover 2_401331242102964401.mp4_frame12.jpg,cover 2
cover 2_401117515101849907.mp4_frame10.jpg,cover 2
cover 2_400763462102909002.mp4_frame1.jpg,cover 2
cover 2_401331242102898301.mp4_frame5.jpg,cover 2
cover 2_401331242102976901.mp4_frame10.jpg,cover 2
cover 1_401331242101999901.mp4_frame9.jpg,cover 1
cover 1_401331242102945501.mp4_frame6.jpg,cover 1
cover 2_401331242102948801.mp4_frame7.jpg,cover 2
cover 1_401331242101917301.mp4_frame14.jpg,cover 1
cover 0_401331242102917301.mp4_frame8.jpg,cover 0
cover 2_401331242101856501.mp4_frame6.jpg,cover 2
cover 2_401331242101959801.mp4_frame2.jpg,cover 2
cover 3_400935229101866201.mp4_frame4.jpg,cover 3
cover 2_401331242101959801.mp4_frame0.jpg,cover 2
cover 3_400935229101866201.mp4_frame6.jpg,cover 3
cover 2_401331242102948801.mp4_frame5.jpg,cover 2
cover 2_401331242101856501.mp4_frame4.jpg,cover 2
cover 1_401331242101917301.mp4_frame16.jpg,cover 1
cover 1_401331242102945501.mp4_frame4.jpg,cover 1
cover 2_401331242102898301.mp4_frame7.jpg,cover 2
cover 2_400763462102909002.mp4_frame3.jpg,cover 2
cover 2_401331242102976901.mp4_frame12.jpg,cover 2
cover 2_401117515101849907.mp4_frame12.jpg,cover 2
cover 2_401331242102964401.mp4_frame10.jpg,cover 2
cover 1_401135295101858801.mp4_frame11.jpg,cover 1
cover 0_401331242102864101.mp4_frame25.jpg,cover 0
cover 0_401331242102864101.mp4_frame19.jpg,cover 0
cover 2_401331242102884401.mp4_frame8.jpg,cover 2
cover 2_401331242101977901.mp4_frame4.jpg,cover 2
cover 1_401135295101867901.mp4_frame9.jpg,cover 1
cover 1_401331242102945501.mp4_frame12.jpg,cover 1
cover 1_401135289103899201.mp4_frame2.jpg,cover 1
cover 1_401135295101876401.mp4_frame19.jpg,cover 1
cover 2_401331242102884401.mp4_frame15.jpg,cover 2
cover 1_401331242102969501.mp4_frame1.jpg,cover 1
cover 1_401135289101924901.mp4_frame2.jpg,cover 1
cover 1_401135295101876401.mp4_frame25.jpg,cover 1
cover 2_401331242102934001.mp4_frame13.jpg,cover 2
cover 2_401135289101957601.mp4_frame11.jpg,cover 2
cover 1_401135295101858801.mp4_frame5.jpg,cover 1
cover 1_400935229101905601.mp4_frame4.jpg,cover 1
cover 1_400935229101907701.mp4_frame5.jpg,cover 1
cover 1_401135295101864602.mp4_frame9.jpg,cover 1
cover 2_401135289102988101.mp4_frame6.jpg,cover 2
cover 1_400935229101858401.mp4_frame6.jpg,cover 1
cover 2_400935229101869501.mp4_frame17.jpg,cover 2
cover 2_401331242102948801.mp4_frame12.jpg,cover 2
cover 1_401331242102995601.mp4_frame10.jpg,cover 1
cover 2_401331242101918901.mp4_frame8.jpg,cover 2
cover 2_400935229101869501.mp4_frame1.jpg,cover 2
cover 1_400935229101905601.mp4_frame11.jpg,cover 1
cover 2_400935229101869501.mp4_frame0.jpg,cover 2
cover 2_401331242101918901.mp4_frame9.jpg,cover 2
cover 1_400935229101905601.mp4_frame10.jpg,cover 1
cover 1_401331242102995601.mp4_frame11.jpg,cover 1
cover 2_400935229101869501.mp4_frame16.jpg,cover 2
cover 2_401331242102948801.mp4_frame13.jpg,cover 2
cover 1_400935229101858401.mp4_frame7.jpg,cover 1
cover 2_401135289102988101.mp4_frame7.jpg,cover 2
cover 1_400935229101907701.mp4_frame4.jpg,cover 1
cover 1_401135295101864602.mp4_frame8.jpg,cover 1
cover 1_401135295101858801.mp4_frame4.jpg,cover 1
cover 1_400935229101905601.mp4_frame5.jpg,cover 1
cover 2_401135289101957601.mp4_frame10.jpg,cover 2
cover 2_401331242102934001.mp4_frame12.jpg,cover 2
cover 2_401331242101904901.mp4_frame8.jpg,cover 2
cover 1_401135295101876401.mp4_frame24.jpg,cover 1
cover 1_401135289101924901.mp4_frame3.jpg,cover 1
cover 2_401331242102884401.mp4_frame14.jpg,cover 2
cover 1_401135295101876401.mp4_frame18.jpg,cover 1
cover 1_401331242102969501.mp4_frame0.jpg,cover 1
cover 1_401135289103899201.mp4_frame3.jpg,cover 1
cover 1_401331242102945501.mp4_frame13.jpg,cover 1
cover 1_401135295101867901.mp4_frame8.jpg,cover 1
cover 2_401331242101977901.mp4_frame5.jpg,cover 2
cover 2_401331242102884401.mp4_frame9.jpg,cover 2
cover 0_401331242102864101.mp4_frame18.jpg,cover 0
cover 0_401331242102864101.mp4_frame24.jpg,cover 0
cover 1_401135295101858801.mp4_frame10.jpg,cover 1
cover 2_401117515101849907.mp4_frame13.jpg,cover 2
cover 2_401331242102964401.mp4_frame11.jpg,cover 2
cover 2_401331242102976901.mp4_frame13.jpg,cover 2
cover 2_401331242102898301.mp4_frame6.jpg,cover 2
cover 2_400763462102909002.mp4_frame2.jpg,cover 2
cover 1_401331242102945501.mp4_frame5.jpg,cover 1
cover 2_401331242101856501.mp4_frame5.jpg,cover 2
cover 1_401331242101917301.mp4_frame17.jpg,cover 1
cover 2_401331242102948801.mp4_frame4.jpg,cover 2
cover 3_400935229101866201.mp4_frame7.jpg,cover 3
cover 2_401331242101959801.mp4_frame1.jpg,cover 2
cover 0_401331242101897101.mp4_frame12.jpg,cover 0
cover 2_401331242102948801.mp4_frame0.jpg,cover 2
cover 1_401331242101917301.mp4_frame13.jpg,cover 1
cover 2_401331242101856501.mp4_frame1.jpg,cover 2
cover 2_400935229101927901.mp4_frame8.jpg,cover 2
cover 2_401331242101959801.mp4_frame5.jpg,cover 2
cover 3_400935229101866201.mp4_frame3.jpg,cover 3
cover 0_401135295103859801.mp4_frame8.jpg,cover 0
cover 1_401331242102945501.mp4_frame1.jpg,cover 1
cover 2_400763462102909002.mp4_frame6.jpg,cover 2
cover 2_401331242102898301.mp4_frame2.jpg,cover 2
cover 2_401331242102976901.mp4_frame17.jpg,cover 2
cover 0_401331242101897101.mp4_frame9.jpg,cover 0
cover 0_401331242102864101.mp4_frame20.jpg,cover 0
cover 0_401331242102925701.mp4_frame13.jpg,cover 0
cover 2_401331242101977901.mp4_frame1.jpg,cover 2
cover 1_401331242102945501.mp4_frame17.jpg,cover 1
cover 2_401117515101849903.mp4_frame8.jpg,cover 2
cover 1_401135289103899201.mp4_frame7.jpg,cover 1
cover 1_401135295101876401.mp4_frame20.jpg,cover 1
cover 1_400935229101858401.mp4_frame11.jpg,cover 1
cover 1_401331242102969501.mp4_frame4.jpg,cover 1
cover 2_401331242102884401.mp4_frame10.jpg,cover 2
cover 1_400935229101907701.mp4_frame0.jpg,cover 1
cover 1_401117515102849907.mp4_frame3.jpg,cover 1
cover 2_401135289102988101.mp4_frame3.jpg,cover 2
cover 2_401331242102934001.mp4_frame16.jpg,cover 2
cover 1_400935229101905601.mp4_frame1.jpg,cover 1
cover 3_400763462101944601.mp4_frame3.jpg,cover 3
cover 1_401135295101858801.mp4_frame0.jpg,cover 1
cover 2_401331242102955501.mp4_frame23.jpg,cover 2
cover 1_401331242102995601.mp4_frame15.jpg,cover 1
cover 2_401331242102964401.mp4_frame8.jpg,cover 2
cover 1_400935229101905601.mp4_frame14.jpg,cover 1
cover 2_400935229101869501.mp4_frame4.jpg,cover 2
cover 1_400935229101858401.mp4_frame3.jpg,cover 1
cover 2_401331242102948801.mp4_frame17.jpg,cover 2
cover 2_400935229101869501.mp4_frame12.jpg,cover 2
cover 2_401331242102948801.mp4_frame16.jpg,cover 2
cover 2_400935229101869501.mp4_frame13.jpg,cover 2
cover 1_400935229101858401.mp4_frame2.jpg,cover 1
cover 1_400935229101905601.mp4_frame15.jpg,cover 1
cover 2_401331242102964401.mp4_frame9.jpg,cover 2
cover 2_400935229101869501.mp4_frame5.jpg,cover 2
cover 1_401331242102995601.mp4_frame14.jpg,cover 1
cover 3_400763462101944601.mp4_frame2.jpg,cover 3
cover 1_400935229101905601.mp4_frame0.jpg,cover 1
cover 2_401331242102955501.mp4_frame22.jpg,cover 2
cover 1_401135295101858801.mp4_frame1.jpg,cover 1
cover 2_401331242102934001.mp4_frame17.jpg,cover 2
cover 2_401135289102988101.mp4_frame2.jpg,cover 2
cover 1_401117515102849907.mp4_frame2.jpg,cover 1
cover 1_400935229101907701.mp4_frame1.jpg,cover 1
cover 1_401331242102969501.mp4_frame5.jpg,cover 1
cover 2_401331242102884401.mp4_frame11.jpg,cover 2
cover 1_400935229101858401.mp4_frame10.jpg,cover 1
cover 1_401135295101876401.mp4_frame21.jpg,cover 1
cover 1_401135289103899201.mp4_frame6.jpg,cover 1
cover 2_401117515101849903.mp4_frame9.jpg,cover 2
cover 1_401331242102945501.mp4_frame16.jpg,cover 1
cover 2_401331242101977901.mp4_frame0.jpg,cover 2
cover 0_401331242102925701.mp4_frame12.jpg,cover 0
cover 0_401331242102864101.mp4_frame21.jpg,cover 0
cover 0_401331242101897101.mp4_frame8.jpg,cover 0
cover 2_401331242102976901.mp4_frame16.jpg,cover 2
cover 2_400763462102909002.mp4_frame7.jpg,cover 2
cover 2_401331242102898301.mp4_frame3.jpg,cover 2
cover 1_401331242102945501.mp4_frame0.jpg,cover 1
cover 0_401135295103859801.mp4_frame9.jpg,cover 0
cover 3_400935229101866201.mp4_frame2.jpg,cover 3
cover 2_401331242101959801.mp4_frame4.jpg,cover 2
cover 1_401331242101917301.mp4_frame12.jpg,cover 1
cover 2_401331242101856501.mp4_frame0.jpg,cover 2
cover 2_401331242102948801.mp4_frame1.jpg,cover 2
cover 2_401331242101856501.mp4_frame2.jpg,cover 2
cover 1_401331242101917301.mp4_frame10.jpg,cover 1
cover 2_401331242102948801.mp4_frame3.jpg,cover 2
cover 1_400935229101876901.mp4_frame9.jpg,cover 1
cover 0_401331242101897101.mp4_frame11.jpg,cover 0
cover 3_400935229101866201.mp4_frame0.jpg,cover 3
cover 2_401331242101959801.mp4_frame6.jpg,cover 2
cover 1_401331242102995601.mp4_frame8.jpg,cover 1
cover 1_401331242102945501.mp4_frame2.jpg,cover 1
cover 1_401331242102987001.mp4_frame9.jpg,cover 1
cover 2_401331242102976901.mp4_frame28.jpg,cover 2
cover 2_401331242102976901.mp4_frame14.jpg,cover 2
cover 2_401331242102976901.mp4_frame9.jpg,cover 2
cover 2_401331242102898301.mp4_frame1.jpg,cover 2
cover 2_400763462102909002.mp4_frame5.jpg,cover 2
cover 0_401331242102925701.mp4_frame10.jpg,cover 0
cover 0_401331242102864101.mp4_frame23.jpg,cover 0
cover 1_401135289103899201.mp4_frame4.jpg,cover 1
cover 2_401331242101977901.mp4_frame2.jpg,cover 2
cover 1_401331242102945501.mp4_frame14.jpg,cover 1
cover 1_400935229101858401.mp4_frame12.jpg,cover 1
cover 1_401135295101876401.mp4_frame23.jpg,cover 1
cover 1_401135289101924901.mp4_frame4.jpg,cover 1
cover 2_400935229101915701.mp4_frame9.jpg,cover 2
cover 2_401331242102884401.mp4_frame13.jpg,cover 2
cover 1_401331242102969501.mp4_frame7.jpg,cover 1
cover 1_401117515102849907.mp4_frame0.jpg,cover 1
cover 2_401135289102988101.mp4_frame0.jpg,cover 2
cover 1_400935229101907701.mp4_frame3.jpg,cover 1
cover 2_401331242102934001.mp4_frame29.jpg,cover 2
cover 1_401135295101858801.mp4_frame3.jpg,cover 1
cover 2_401331242102955501.mp4_frame20.jpg,cover 2
cover 1_400935229101905601.mp4_frame2.jpg,cover 1
cover 3_400763462101944601.mp4_frame0.jpg,cover 3
cover 2_401331242102934001.mp4_frame15.jpg,cover 2
cover 2_400935229101869501.mp4_frame7.jpg,cover 2
cover 2_401331242102948801.mp4_frame28.jpg,cover 2
cover 1_400935229101905601.mp4_frame17.jpg,cover 1
cover 2_400935229101869501.mp4_frame11.jpg,cover 2
cover 2_401117515101849904.mp4_frame8.jpg,cover 2
cover 2_401331242102948801.mp4_frame14.jpg,cover 2
cover 1_400935229101858401.mp4_frame0.jpg,cover 1
cover 1_400935229101858401.mp4_frame1.jpg,cover 1
cover 2_400935229101869501.mp4_frame10.jpg,cover 2
cover 2_401331242102948801.mp4_frame15.jpg,cover 2
cover 2_401117515101849904.mp4_frame9.jpg,cover 2
cover 2_400935229101869501.mp4_frame6.jpg,cover 2
cover 1_400935229101905601.mp4_frame16.jpg,cover 1
cover 2_401331242102948801.mp4_frame29.jpg,cover 2
cover 2_401331242102934001.mp4_frame14.jpg,cover 2
cover 2_401331242102955501.mp4_frame21.jpg,cover 2
cover 1_401135295101858801.mp4_frame2.jpg,cover 1
cover 3_400763462101944601.mp4_frame1.jpg,cover 3
cover 1_400935229101905601.mp4_frame3.jpg,cover 1
cover 1_400935229101907701.mp4_frame2.jpg,cover 1
cover 2_401331242102934001.mp4_frame28.jpg,cover 2
cover 2_401135289102988101.mp4_frame1.jpg,cover 2
cover 1_401117515102849907.mp4_frame1.jpg,cover 1
cover 2_401331242102884401.mp4_frame12.jpg,cover 2
cover 1_401331242102969501.mp4_frame6.jpg,cover 1
cover 2_400935229101915701.mp4_frame8.jpg,cover 2
cover 1_401135295101876401.mp4_frame22.jpg,cover 1
cover 1_400935229101858401.mp4_frame13.jpg,cover 1
cover 1_401331242102945501.mp4_frame15.jpg,cover 1
cover 2_401331242101977901.mp4_frame3.jpg,cover 2
cover 1_401135289103899201.mp4_frame5.jpg,cover 1
cover 0_401331242102864101.mp4_frame22.jpg,cover 0
cover 0_401331242102925701.mp4_frame11.jpg,cover 0
cover 2_401331242102898301.mp4_frame0.jpg,cover 2
cover 2_400763462102909002.mp4_frame4.jpg,cover 2
cover 2_401331242102976901.mp4_frame8.jpg,cover 2
cover 2_401331242102976901.mp4_frame15.jpg,cover 2
cover 2_401331242102976901.mp4_frame29.jpg,cover 2
cover 1_401331242102987001.mp4_frame8.jpg,cover 1
cover 1_401331242102945501.mp4_frame3.jpg,cover 1
cover 1_401135295101855901.mp4_frame10.jpg,cover 1
cover 1_401331242102995601.mp4_frame9.jpg,cover 1
cover 2_401331242101959801.mp4_frame7.jpg,cover 2
cover 1_400763462103968801.mp4_frame8.jpg,cover 1
cover 3_400935229101866201.mp4_frame1.jpg,cover 3
cover 1_400935229101876901.mp4_frame8.jpg,cover 1
cover 2_401331242102948801.mp4_frame2.jpg,cover 2
cover 0_401331242101897101.mp4_frame10.jpg,cover 0
cover 2_401331242101856501.mp4_frame3.jpg,cover 2
cover 1_401331242101917301.mp4_frame11.jpg,cover 1
cover 1_401331242101917301.mp4_frame4.jpg,cover 1
cover 3_401331242101989301.mp4_frame0.jpg,cover 3
cover 2_401331242102858501.mp4_frame5.jpg,cover 2
cover 1_401331242101904101.mp4_frame10.jpg,cover 1
cover 3_400935229101934801.mp4_frame7.jpg,cover 3
cover 0_401331242102925701.mp4_frame9.jpg,cover 0
cover 3_400935229101919301.mp4_frame7.jpg,cover 3
cover 2_401331242101906101.mp4_frame3.jpg,cover 2
cover 1_401331242102854701.mp4_frame5.jpg,cover 1
cover 1_401135295103929101.mp4_frame11.jpg,cover 1
cover 2_400935229101925601.mp4_frame9.jpg,cover 2
cover 2_401331242101974101.mp4_frame8.jpg,cover 2
cover 2_400935229101904901.mp4_frame2.jpg,cover 2
cover 2_401135289101888801.mp4_frame1.jpg,cover 2
cover 2_401331242102894501.mp4_frame4.jpg,cover 2
cover 3_401117515102849905.mp4_frame4.jpg,cover 3
cover 1_400763462102884701.mp4_frame2.jpg,cover 1
cover 3_400935229101884201.mp4_frame11.jpg,cover 3
cover 2_401331242102937601.mp4_frame2.jpg,cover 2
cover 2_401331242101958101.mp4_frame11.jpg,cover 2
cover 2_401331242102976001.mp4_frame4.jpg,cover 2
cover 1_400763462102948701.mp4_frame2.jpg,cover 1
cover 2_401135289101888801.mp4_frame10.jpg,cover 2
cover 1_401331242101904101.mp4_frame7.jpg,cover 1
cover 2_401331242101906101.mp4_frame13.jpg,cover 2
cover 2_401331242102944601.mp4_frame10.jpg,cover 2
cover 1_401135295101888901.mp4_frame7.jpg,cover 1
cover 2_400763462101934001.mp4_frame1.jpg,cover 2
cover 1_401331242101867601.mp4_frame10.jpg,cover 1
cover 2_400763462102907201.mp4_frame5.jpg,cover 2
cover 2_401331242101959201.mp4_frame1.jpg,cover 2
cover 1_401331242102885301.mp4_frame12.jpg,cover 1
cover 1_401135295101886901.mp4_frame14.jpg,cover 1
cover 3_400935229101884201.mp4_frame1.jpg,cover 3
cover 4_400763462101985201.mp4_frame5.jpg,cover 4
cover 2_401331242101868101.mp4_frame8.jpg,cover 2
cover 2_401331242101959801.mp4_frame13.jpg,cover 2
cover 2_401331242102998201.mp4_frame4.jpg,cover 2
cover 1_401331242102885301.mp4_frame7.jpg,cover 1
cover 2_401331242102998201.mp4_frame5.jpg,cover 2
cover 1_401331242102885301.mp4_frame6.jpg,cover 1
cover 2_401331242101959801.mp4_frame12.jpg,cover 2
cover 3_400935229101884201.mp4_frame0.jpg,cover 3
cover 4_400763462101985201.mp4_frame4.jpg,cover 4
cover 1_401331242102885301.mp4_frame13.jpg,cover 1
cover 1_401135295101886901.mp4_frame15.jpg,cover 1
cover 2_400763462102907201.mp4_frame4.jpg,cover 2
cover 1_401331242101867601.mp4_frame11.jpg,cover 1
cover 2_401331242101959201.mp4_frame0.jpg,cover 2
cover 2_401331242102944601.mp4_frame11.jpg,cover 2
cover 2_400763462101934001.mp4_frame0.jpg,cover 2
cover 1_401135295101888901.mp4_frame6.jpg,cover 1
cover 2_401331242101906101.mp4_frame12.jpg,cover 2
cover 1_401331242101904101.mp4_frame6.jpg,cover 1
cover 2_401135289101888801.mp4_frame11.jpg,cover 2
cover 2_401331242101958101.mp4_frame10.jpg,cover 2
cover 1_400763462102948701.mp4_frame3.jpg,cover 1
cover 2_401331242102976001.mp4_frame5.jpg,cover 2
cover 2_401331242102937601.mp4_frame3.jpg,cover 2
cover 3_400935229101884201.mp4_frame10.jpg,cover 3
cover 1_400763462102884701.mp4_frame3.jpg,cover 1
cover 3_401117515102849905.mp4_frame5.jpg,cover 3
cover 2_401331242102894501.mp4_frame5.jpg,cover 2
cover 1_400763462102887601.mp4_frame4.jpg,cover 1
cover 2_401135289101888801.mp4_frame0.jpg,cover 2
cover 2_400935229101904901.mp4_frame3.jpg,cover 2
cover 2_400935229101925601.mp4_frame8.jpg,cover 2
cover 1_401135295103929101.mp4_frame10.jpg,cover 1
cover 1_401331242102854701.mp4_frame4.jpg,cover 1
cover 2_401331242101906101.mp4_frame2.jpg,cover 2
cover 3_400935229101919301.mp4_frame6.jpg,cover 3
cover 0_401331242102925701.mp4_frame8.jpg,cover 0
cover 3_400935229101934801.mp4_frame6.jpg,cover 3
cover 1_401331242101904101.mp4_frame11.jpg,cover 1
cover 2_401331242102858501.mp4_frame4.jpg,cover 2
cover 3_401331242101989301.mp4_frame1.jpg,cover 3
cover 1_401331242101917301.mp4_frame5.jpg,cover 1
cover 1_401331242101904101.mp4_frame13.jpg,cover 1
cover 3_400935229101934801.mp4_frame4.jpg,cover 3
cover 1_401331242101917301.mp4_frame7.jpg,cover 1
cover 3_401331242101989301.mp4_frame3.jpg,cover 3
cover 1_400935229101864101.mp4_frame8.jpg,cover 1
cover 2_401331242101906101.mp4_frame0.jpg,cover 2
cover 3_400935229101919301.mp4_frame4.jpg,cover 3
cover 1_401135295103929101.mp4_frame12.jpg,cover 1
cover 1_401331242102854701.mp4_frame6.jpg,cover 1
cover 1_401331242101867601.mp4_frame8.jpg,cover 1
cover 2_400935229101904901.mp4_frame1.jpg,cover 2
cover 2_401135289101888801.mp4_frame2.jpg,cover 2
cover 2_401331242102934001.mp4_frame8.jpg,cover 2
cover 3_401117515102849905.mp4_frame7.jpg,cover 3
cover 1_400763462102884701.mp4_frame1.jpg,cover 1
cover 1_400763462102948701.mp4_frame1.jpg,cover 1
cover 2_401331242102976001.mp4_frame7.jpg,cover 2
cover 2_401331242101958101.mp4_frame12.jpg,cover 2
cover 3_400935229101884201.mp4_frame12.jpg,cover 3
cover 2_401331242102937601.mp4_frame1.jpg,cover 2
cover 1_401331242102889801.mp4_frame8.jpg,cover 1
cover 1_401331242101904101.mp4_frame4.jpg,cover 1
cover 2_401331242101906101.mp4_frame10.jpg,cover 2
cover 2_401331242101959201.mp4_frame2.jpg,cover 2
cover 1_401331242101867601.mp4_frame13.jpg,cover 1
cover 2_400763462101934001.mp4_frame2.jpg,cover 2
cover 1_401135295101888901.mp4_frame4.jpg,cover 1
cover 2_401331242102944601.mp4_frame13.jpg,cover 2
cover 4_400763462101985201.mp4_frame6.jpg,cover 4
cover 3_400935229101884201.mp4_frame2.jpg,cover 3
cover 1_401135295101886901.mp4_frame17.jpg,cover 1
cover 1_401331242102885301.mp4_frame11.jpg,cover 1
cover 2_401331242101959801.mp4_frame10.jpg,cover 2
cover 1_401331242102885301.mp4_frame4.jpg,cover 1
cover 2_401331242102998201.mp4_frame7.jpg,cover 2
cover 2_401331242101929301.mp4_frame8.jpg,cover 2
cover 2_401331242101929301.mp4_frame9.jpg,cover 2
cover 1_401331242102885301.mp4_frame5.jpg,cover 1
cover 2_401331242102998201.mp4_frame6.jpg,cover 2
cover 2_401331242101959801.mp4_frame11.jpg,cover 2
cover 1_401135295101886901.mp4_frame16.jpg,cover 1
cover 1_401331242102885301.mp4_frame10.jpg,cover 1
cover 4_400763462101985201.mp4_frame7.jpg,cover 4
cover 3_400935229101884201.mp4_frame3.jpg,cover 3
cover 1_401135295101888901.mp4_frame5.jpg,cover 1
cover 2_400763462101934001.mp4_frame3.jpg,cover 2
cover 2_401331242102944601.mp4_frame12.jpg,cover 2
cover 2_401331242101959201.mp4_frame3.jpg,cover 2
cover 1_401331242101867601.mp4_frame12.jpg,cover 1
cover 2_401331242101906101.mp4_frame11.jpg,cover 2
cover 1_401331242101904101.mp4_frame5.jpg,cover 1
cover 1_401331242102889801.mp4_frame9.jpg,cover 1
cover 2_401135289101888801.mp4_frame12.jpg,cover 2
cover 2_401331242102937601.mp4_frame0.jpg,cover 2
cover 3_400935229101884201.mp4_frame13.jpg,cover 3
cover 2_401331242102976001.mp4_frame6.jpg,cover 2
cover 1_400763462102948701.mp4_frame0.jpg,cover 1
cover 2_401331242101958101.mp4_frame13.jpg,cover 2
cover 1_400763462102884701.mp4_frame0.jpg,cover 1
cover 2_401331242102934001.mp4_frame9.jpg,cover 2
cover 3_401117515102849905.mp4_frame6.jpg,cover 3
cover 2_401331242102894501.mp4_frame6.jpg,cover 2
cover 1_401331242101867601.mp4_frame9.jpg,cover 1
cover 2_401135289101888801.mp4_frame3.jpg,cover 2
cover 2_400935229101904901.mp4_frame0.jpg,cover 2
cover 1_401331242102854701.mp4_frame7.jpg,cover 1
cover 3_400935229101919301.mp4_frame5.jpg,cover 3
cover 2_401331242101906101.mp4_frame1.jpg,cover 2
cover 1_400935229101864101.mp4_frame9.jpg,cover 1
cover 3_401331242101989301.mp4_frame2.jpg,cover 3
cover 1_401331242101917301.mp4_frame6.jpg,cover 1
cover 3_400935229101934801.mp4_frame5.jpg,cover 3
cover 1_401331242101904101.mp4_frame12.jpg,cover 1
cover 2_401331242101906101.mp4_frame5.jpg,cover 2
cover 2_401117515103935004.mp4_frame8.jpg,cover 2
cover 1_401135295101855901.mp4_frame8.jpg,cover 1
cover 3_400935229101919301.mp4_frame1.jpg,cover 3
cover 1_401135295101876401.mp4_frame8.jpg,cover 1
cover 1_401331242101904101.mp4_frame16.jpg,cover 1
cover 3_400935229101934801.mp4_frame1.jpg,cover 3
cover 1_401331242101917301.mp4_frame2.jpg,cover 1
cover 3_401331242101989301.mp4_frame6.jpg,cover 3
cover 2_401331242102858501.mp4_frame3.jpg,cover 2
cover 3_400935229101919301.mp4_frame11.jpg,cover 3
cover 1_401331242102854701.mp4_frame3.jpg,cover 1
cover 2_401135289101888801.mp4_frame7.jpg,cover 2
cover 2_400935229101904901.mp4_frame4.jpg,cover 2
cover 1_401331242101854601.mp4_frame10.jpg,cover 1
cover 1_400763462102884701.mp4_frame4.jpg,cover 1
cover 2_401331242102894501.mp4_frame2.jpg,cover 2
cover 3_401117515102849905.mp4_frame2.jpg,cover 3
cover 1_400763462102887601.mp4_frame3.jpg,cover 1
cover 2_401135289101957601.mp4_frame9.jpg,cover 2
cover 2_401331242101958101.mp4_frame17.jpg,cover 2
cover 1_400763462102948701.mp4_frame4.jpg,cover 1
cover 2_401331242102976001.mp4_frame2.jpg,cover 2
cover 0_401331242102864101.mp4_frame8.jpg,cover 0
cover 2_401331242102937601.mp4_frame4.jpg,cover 2
cover 2_400763462102907201.mp4_frame3.jpg,cover 2
cover 2_401331242101959201.mp4_frame7.jpg,cover 2
cover 2_401331242102944601.mp4_frame16.jpg,cover 2
cover 1_401135295101888901.mp4_frame1.jpg,cover 1
cover 1_401331242101904101.mp4_frame1.jpg,cover 1
cover 2_401331242101906101.mp4_frame15.jpg,cover 2
cover 3_400935229101884201.mp4_frame7.jpg,cover 3
cover 4_400763462101985201.mp4_frame3.jpg,cover 4
cover 1_401331242102885301.mp4_frame14.jpg,cover 1
cover 1_401135295101886901.mp4_frame12.jpg,cover 1
cover 2_401331242102944601.mp4_frame9.jpg,cover 2
cover 2_401331242102998201.mp4_frame2.jpg,cover 2
cover 1_401331242102885301.mp4_frame1.jpg,cover 1
cover 2_401331242101959801.mp4_frame15.jpg,cover 2
cover 2_401331242101959801.mp4_frame14.jpg,cover 2
cover 2_401331242102998201.mp4_frame3.jpg,cover 2
cover 1_401331242102885301.mp4_frame0.jpg,cover 1
cover 1_401331242102885301.mp4_frame15.jpg,cover 1
cover 2_401331242102944601.mp4_frame8.jpg,cover 2
cover 1_401135295101886901.mp4_frame13.jpg,cover 1
cover 3_400935229101884201.mp4_frame6.jpg,cover 3
cover 4_400763462101985201.mp4_frame2.jpg,cover 4
cover 2_401331242101906101.mp4_frame14.jpg,cover 2
cover 1_401331242101904101.mp4_frame0.jpg,cover 1
cover 2_401331242102944601.mp4_frame17.jpg,cover 2
cover 1_401135295101888901.mp4_frame0.jpg,cover 1
cover 2_400763462102907201.mp4_frame2.jpg,cover 2
cover 2_401331242101959201.mp4_frame6.jpg,cover 2
cover 2_401331242102937601.mp4_frame5.jpg,cover 2
cover 2_401331242101958101.mp4_frame16.jpg,cover 2
cover 0_401331242102864101.mp4_frame9.jpg,cover 0
cover 2_401331242102976001.mp4_frame3.jpg,cover 2
cover 2_401135289101957601.mp4_frame8.jpg,cover 2
cover 3_401117515102849905.mp4_frame3.jpg,cover 3
cover 2_401331242102894501.mp4_frame3.jpg,cover 2
cover 1_400763462102887601.mp4_frame2.jpg,cover 1
cover 1_400763462102884701.mp4_frame5.jpg,cover 1
cover 2_400935229101904901.mp4_frame5.jpg,cover 2
cover 2_401135289101888801.mp4_frame6.jpg,cover 2
cover 1_401331242102854701.mp4_frame2.jpg,cover 1
cover 3_400935229101919301.mp4_frame10.jpg,cover 3
cover 2_401331242102858501.mp4_frame2.jpg,cover 2
cover 3_401331242101989301.mp4_frame7.jpg,cover 3
cover 1_401331242101917301.mp4_frame3.jpg,cover 1
cover 3_400935229101934801.mp4_frame0.jpg,cover 3
cover 1_401331242101904101.mp4_frame17.jpg,cover 1
cover 2_401117515103935004.mp4_frame9.jpg,cover 2
cover 1_401135295101876401.mp4_frame9.jpg,cover 1
cover 3_400935229101919301.mp4_frame0.jpg,cover 3
cover 1_401135295101855901.mp4_frame9.jpg,cover 1
cover 2_401331242101906101.mp4_frame4.jpg,cover 2
cover 3_400935229101919301.mp4_frame2.jpg,cover 3
cover 2_401331242101906101.mp4_frame6.jpg,cover 2
cover 1_401331242101917301.mp4_frame1.jpg,cover 1
cover 3_401331242101989301.mp4_frame5.jpg,cover 3
cover 2_401331242102858501.mp4_frame0.jpg,cover 2
cover 1_401331242101904101.mp4_frame15.jpg,cover 1
cover 3_400935229101934801.mp4_frame2.jpg,cover 3
cover 1_401331242101886201.mp4_frame8.jpg,cover 1
cover 1_401331242102854701.mp4_frame0.jpg,cover 1
cover 2_401135289101888801.mp4_frame4.jpg,cover 2
cover 2_400935229101904901.mp4_frame7.jpg,cover 2
cover 2_400763462101877401.mp4_frame8.jpg,cover 2
cover 1_400763462102884701.mp4_frame7.jpg,cover 1
cover 1_401331242101878701.mp4_frame8.jpg,cover 1
cover 2_401331242102955501.mp4_frame8.jpg,cover 2
cover 1_400763462102887601.mp4_frame0.jpg,cover 1
cover 2_401331242102894501.mp4_frame1.jpg,cover 2
cover 3_401117515102849905.mp4_frame1.jpg,cover 3
cover 3_400935229101884201.mp4_frame14.jpg,cover 3
cover 2_401117515101849907.mp4_frame9.jpg,cover 2
cover 2_401331242102976001.mp4_frame1.jpg,cover 2
cover 2_401331242101958101.mp4_frame14.jpg,cover 2
cover 1_401135295101888901.mp4_frame2.jpg,cover 1
cover 2_400763462101934001.mp4_frame4.jpg,cover 2
cover 2_401331242102944601.mp4_frame15.jpg,cover 2
cover 2_401331242101959201.mp4_frame4.jpg,cover 2
cover 1_401331242101867601.mp4_frame15.jpg,cover 1
cover 2_400763462102907201.mp4_frame0.jpg,cover 2
cover 2_401135295102928101.mp4_frame8.jpg,cover 2
cover 2_401331242102944601.mp4_frame29.jpg,cover 2
cover 1_401331242101904101.mp4_frame2.jpg,cover 1
cover 2_401331242101906101.mp4_frame16.jpg,cover 2
cover 1_401135295101886901.mp4_frame11.jpg,cover 1
cover 1_401331242102885301.mp4_frame17.jpg,cover 1
cover 4_400763462101985201.mp4_frame0.jpg,cover 4
cover 3_400935229101884201.mp4_frame4.jpg,cover 3
cover 1_401135295103929101.mp4_frame9.jpg,cover 1
cover 2_401331242101958101.mp4_frame8.jpg,cover 2
cover 3_401117515102934403.mp4_frame9.jpg,cover 3
cover 1_401331242102885301.mp4_frame2.jpg,cover 1
cover 2_401331242102998201.mp4_frame1.jpg,cover 2
cover 2_401331242101959801.mp4_frame16.jpg,cover 2
cover 2_401331242101926501.mp4_frame8.jpg,cover 2
cover 2_401331242101959801.mp4_frame17.jpg,cover 2
cover 1_401331242102885301.mp4_frame3.jpg,cover 1
cover 2_401331242102998201.mp4_frame0.jpg,cover 2
cover 3_401117515102934403.mp4_frame8.jpg,cover 3
cover 1_401135295103929101.mp4_frame8.jpg,cover 1
cover 2_401331242101958101.mp4_frame9.jpg,cover 2
cover 4_400763462101985201.mp4_frame1.jpg,cover 4
cover 3_400935229101884201.mp4_frame5.jpg,cover 3
cover 1_401135295101886901.mp4_frame10.jpg,cover 1
cover 1_401331242102885301.mp4_frame16.jpg,cover 1
cover 2_401331242101906101.mp4_frame17.jpg,cover 2
cover 1_401331242101904101.mp4_frame3.jpg,cover 1
cover 2_401331242102944601.mp4_frame28.jpg,cover 2
cover 2_401135295102928101.mp4_frame9.jpg,cover 2
cover 2_401331242101959201.mp4_frame5.jpg,cover 2
cover 2_400763462102907201.mp4_frame1.jpg,cover 2
cover 1_401331242101867601.mp4_frame14.jpg,cover 1
cover 2_400763462101934001.mp4_frame5.jpg,cover 2
cover 1_401135295101888901.mp4_frame3.jpg,cover 1
cover 2_401331242102944601.mp4_frame14.jpg,cover 2
cover 2_401331242102976001.mp4_frame0.jpg,cover 2
cover 2_401331242101958101.mp4_frame15.jpg,cover 2
cover 2_401331242102937601.mp4_frame6.jpg,cover 2
cover 2_401117515101849907.mp4_frame8.jpg,cover 2
cover 3_400935229101884201.mp4_frame15.jpg,cover 3
cover 1_400763462102887601.mp4_frame1.jpg,cover 1
cover 3_401117515102849905.mp4_frame0.jpg,cover 3
cover 2_401331242102894501.mp4_frame0.jpg,cover 2
cover 2_401331242102955501.mp4_frame9.jpg,cover 2
cover 1_400763462102884701.mp4_frame6.jpg,cover 1
cover 1_401331242101878701.mp4_frame9.jpg,cover 1
cover 2_400935229101904901.mp4_frame6.jpg,cover 2
cover 2_401135289101888801.mp4_frame5.jpg,cover 2
cover 1_401331242102854701.mp4_frame1.jpg,cover 1
cover 1_401331242101886201.mp4_frame9.jpg,cover 1
cover 3_400935229101934801.mp4_frame3.jpg,cover 3
cover 1_401331242101904101.mp4_frame14.jpg,cover 1
cover 2_401331242102858501.mp4_frame1.jpg,cover 2
cover 3_401331242101989301.mp4_frame4.jpg,cover 3
cover 1_401331242101917301.mp4_frame0.jpg,cover 1
cover 2_401331242101906101.mp4_frame7.jpg,cover 2
cover 3_400935229101919301.mp4_frame3.jpg,cover 3
cover 1_401135295101876401.mp4_frame7.jpg,cover 1
cover 0_401331242102925701.mp4_frame0.jpg,cover 0
cover 1_401135295101855901.mp4_frame7.jpg,cover 1
cover 2_401117515103935004.mp4_frame7.jpg,cover 2
cover 3_401331242101989301.mp4_frame9.jpg,cover 3
cover 1_400935229101864101.mp4_frame2.jpg,cover 1
cover 1_401331242101886201.mp4_frame4.jpg,cover 1
cover 2_400935229101925601.mp4_frame0.jpg,cover 2
cover 0_401135295103859801.mp4_frame12.jpg,cover 0
cover 1_401331242101867601.mp4_frame2.jpg,cover 1
cover 2_401135289101888801.mp4_frame8.jpg,cover 2
cover 2_401331242101974101.mp4_frame1.jpg,cover 2
cover 2_400763462101877401.mp4_frame4.jpg,cover 2
cover 1_401135295103969301.mp4_frame1.jpg,cover 1
cover 2_401117515102996903.mp4_frame2.jpg,cover 2
cover 1_401331242102987001.mp4_frame14.jpg,cover 1
cover 1_401331242101878701.mp4_frame4.jpg,cover 1
cover 2_401331242102934001.mp4_frame2.jpg,cover 2
cover 2_401135289101957601.mp4_frame6.jpg,cover 2
cover 2_401331242102955501.mp4_frame4.jpg,cover 2
cover 1_401331242102889801.mp4_frame2.jpg,cover 1
cover 2_401331242101958101.mp4_frame24.jpg,cover 2
cover 0_401331242102864101.mp4_frame7.jpg,cover 0
cover 2_401331242101958101.mp4_frame18.jpg,cover 2
cover 2_401117515101849907.mp4_frame5.jpg,cover 2
cover 2_401331242101959201.mp4_frame8.jpg,cover 2
cover 2_401331242102944601.mp4_frame19.jpg,cover 2
cover 2_401331242102944601.mp4_frame31.jpg,cover 2
cover 2_401331242102944601.mp4_frame25.jpg,cover 2
cover 2_401135295102928101.mp4_frame4.jpg,cover 2
cover 3_400935229101884201.mp4_frame8.jpg,cover 3
cover 2_401331242102944601.mp4_frame6.jpg,cover 2
cover 3_401117515102934403.mp4_frame5.jpg,cover 3
cover 1_401135295103929101.mp4_frame5.jpg,cover 1
cover 1_401135295101886901.mp4_frame21.jpg,cover 1
cover 2_401331242101958101.mp4_frame4.jpg,cover 2
cover 2_401331242101929301.mp4_frame2.jpg,cover 2
cover 2_401331242101926501.mp4_frame4.jpg,cover 2
cover 2_401331242101868101.mp4_frame1.jpg,cover 2
cover 2_401331242101868101.mp4_frame0.jpg,cover 2
cover 2_401331242101926501.mp4_frame5.jpg,cover 2
cover 2_401331242101929301.mp4_frame3.jpg,cover 2
cover 1_401135295101886901.mp4_frame20.jpg,cover 1
cover 1_401135295103929101.mp4_frame4.jpg,cover 1
cover 2_401331242101958101.mp4_frame5.jpg,cover 2
cover 3_401117515102934403.mp4_frame4.jpg,cover 3
cover 2_401331242102898301.mp4_frame12.jpg,cover 2
cover 2_401331242102944601.mp4_frame7.jpg,cover 2
cover 3_400935229101884201.mp4_frame9.jpg,cover 3
cover 2_401135295102928101.mp4_frame5.jpg,cover 2
cover 2_401331242102944601.mp4_frame24.jpg,cover 2
cover 2_401331242102944601.mp4_frame30.jpg,cover 2
cover 2_401331242102944601.mp4_frame18.jpg,cover 2
cover 2_401117515101849907.mp4_frame4.jpg,cover 2
cover 0_401331242102864101.mp4_frame6.jpg,cover 0
cover 2_401331242101958101.mp4_frame19.jpg,cover 2
cover 1_401331242102889801.mp4_frame3.jpg,cover 1
cover 2_401331242101958101.mp4_frame25.jpg,cover 2
cover 2_401135289101957601.mp4_frame7.jpg,cover 2
cover 2_401331242102955501.mp4_frame5.jpg,cover 2
cover 2_401331242102934001.mp4_frame3.jpg,cover 2
cover 1_401331242101878701.mp4_frame5.jpg,cover 1
cover 1_401135295103969301.mp4_frame0.jpg,cover 1
cover 2_401117515102996903.mp4_frame3.jpg,cover 2
cover 2_400763462101877401.mp4_frame5.jpg,cover 2
cover 2_401331242101974101.mp4_frame0.jpg,cover 2
cover 1_401331242101867601.mp4_frame3.jpg,cover 1
cover 2_401135289101888801.mp4_frame9.jpg,cover 2
cover 0_401135295103859801.mp4_frame13.jpg,cover 0
cover 2_400935229101925601.mp4_frame1.jpg,cover 2
cover 1_401331242101886201.mp4_frame5.jpg,cover 1
cover 1_400935229101864101.mp4_frame3.jpg,cover 1
cover 3_401331242101989301.mp4_frame8.jpg,cover 3
cover 1_401135295101855901.mp4_frame6.jpg,cover 1
cover 0_401331242102925701.mp4_frame1.jpg,cover 0
cover 1_401135295101876401.mp4_frame6.jpg,cover 1
cover 2_401117515103935004.mp4_frame6.jpg,cover 2
cover 2_401117515103935004.mp4_frame4.jpg,cover 2
cover 1_401135295101876401.mp4_frame4.jpg,cover 1
cover 0_401331242102925701.mp4_frame3.jpg,cover 0
cover 1_401135295101855901.mp4_frame4.jpg,cover 1
cover 2_401331242101906101.mp4_frame9.jpg,cover 2
cover 1_400935229101864101.mp4_frame1.jpg,cover 1
cover 2_400935229101925601.mp4_frame3.jpg,cover 2
cover 0_401135295103859801.mp4_frame11.jpg,cover 0
cover 1_401331242101886201.mp4_frame7.jpg,cover 1
cover 2_400935229101904901.mp4_frame8.jpg,cover 2
cover 1_401331242101867601.mp4_frame1.jpg,cover 1
cover 2_401117515102996903.mp4_frame1.jpg,cover 2
cover 1_401135295103969301.mp4_frame2.jpg,cover 1
cover 2_401331242101974101.mp4_frame2.jpg,cover 2
cover 2_400763462101877401.mp4_frame7.jpg,cover 2
cover 1_401331242101878701.mp4_frame7.jpg,cover 1
cover 1_400763462102884701.mp4_frame8.jpg,cover 1
cover 2_401331242102955501.mp4_frame7.jpg,cover 2
cover 2_401135289101957601.mp4_frame5.jpg,cover 2
cover 2_401331242102934001.mp4_frame1.jpg,cover 2
cover 1_401331242102889801.mp4_frame1.jpg,cover 1
cover 2_401117515101849907.mp4_frame6.jpg,cover 2
cover 0_401331242102864101.mp4_frame4.jpg,cover 0
cover 2_401331242102944601.mp4_frame26.jpg,cover 2
cover 2_401135295102928101.mp4_frame7.jpg,cover 2
cover 2_401331242102944601.mp4_frame32.jpg,cover 2
cover 1_401331242102885301.mp4_frame18.jpg,cover 1
cover 2_401331242102944601.mp4_frame5.jpg,cover 2
cover 1_400763462103984101.mp4_frame5.jpg,cover 1
cover 2_401331242101958101.mp4_frame7.jpg,cover 2
cover 1_401135295103929101.mp4_frame6.jpg,cover 1
cover 1_401135295101886901.mp4_frame22.jpg,cover 1
cover 2_401331242102898301.mp4_frame10.jpg,cover 2
cover 3_401117515102934403.mp4_frame6.jpg,cover 3
cover 2_401331242101929301.mp4_frame1.jpg,cover 2
cover 2_401331242101868101.mp4_frame2.jpg,cover 2
cover 2_401331242101959801.mp4_frame19.jpg,cover 2
cover 2_401331242101926501.mp4_frame7.jpg,cover 2
cover 2_401331242101926501.mp4_frame6.jpg,cover 2
cover 2_401331242101959801.mp4_frame18.jpg,cover 2
cover 2_401331242101868101.mp4_frame3.jpg,cover 2
cover 2_401331242101929301.mp4_frame0.jpg,cover 2
cover 2_401331242102898301.mp4_frame11.jpg,cover 2
cover 3_401117515102934403.mp4_frame7.jpg,cover 3
cover 2_401331242101958101.mp4_frame6.jpg,cover 2
cover 1_401135295103929101.mp4_frame7.jpg,cover 1
cover 1_400763462103984101.mp4_frame4.jpg,cover 1
cover 1_401331242102885301.mp4_frame19.jpg,cover 1
cover 2_401331242102944601.mp4_frame4.jpg,cover 2
cover 2_401331242102944601.mp4_frame33.jpg,cover 2
cover 2_401135295102928101.mp4_frame6.jpg,cover 2
cover 2_401331242102944601.mp4_frame27.jpg,cover 2
cover 0_401331242102864101.mp4_frame5.jpg,cover 0
cover 2_401117515101849907.mp4_frame7.jpg,cover 2
cover 2_401331242101958101.mp4_frame26.jpg,cover 2
cover 1_401331242102889801.mp4_frame0.jpg,cover 1
cover 2_401331242102934001.mp4_frame0.jpg,cover 2
cover 2_401331242102955501.mp4_frame6.jpg,cover 2
cover 2_401135289101957601.mp4_frame4.jpg,cover 2
cover 1_401331242101878701.mp4_frame6.jpg,cover 1
cover 1_400763462102884701.mp4_frame9.jpg,cover 1
cover 2_400763462101877401.mp4_frame6.jpg,cover 2
cover 2_401331242101974101.mp4_frame3.jpg,cover 2
cover 2_401117515102996903.mp4_frame0.jpg,cover 2
cover 1_401135295103969301.mp4_frame3.jpg,cover 1
cover 2_400935229101904901.mp4_frame9.jpg,cover 2
cover 1_401331242101867601.mp4_frame0.jpg,cover 1
cover 1_401331242101886201.mp4_frame6.jpg,cover 1
cover 0_401135295103859801.mp4_frame10.jpg,cover 0
cover 2_400935229101925601.mp4_frame2.jpg,cover 2
cover 1_400935229101864101.mp4_frame0.jpg,cover 1
cover 2_401331242101906101.mp4_frame8.jpg,cover 2
cover 2_401117515103935004.mp4_frame5.jpg,cover 2
cover 1_401135295101855901.mp4_frame5.jpg,cover 1
cover 0_401331242102925701.mp4_frame2.jpg,cover 0
cover 1_401135295101876401.mp4_frame5.jpg,cover 1
cover 1_400935229101864101.mp4_frame4.jpg,cover 1
cover 3_400935229101934801.mp4_frame8.jpg,cover 3
cover 3_400935229101919301.mp4_frame8.jpg,cover 3
cover 1_401135295101876401.mp4_frame1.jpg,cover 1
cover 0_401331242102925701.mp4_frame6.jpg,cover 0
cover 1_401135295101855901.mp4_frame1.jpg,cover 1
cover 2_401117515101849904.mp4_frame10.jpg,cover 2
cover 2_401117515103935004.mp4_frame1.jpg,cover 2
cover 2_400935229101904901.mp4_frame13.jpg,cover 2
cover 2_400935229101925601.mp4_frame6.jpg,cover 2
cover 0_401135295103859801.mp4_frame14.jpg,cover 0
cover 1_401331242101886201.mp4_frame2.jpg,cover 1
cover 1_401135295103969301.mp4_frame7.jpg,cover 1
cover 2_401117515102996903.mp4_frame4.jpg,cover 2
cover 2_401331242101974101.mp4_frame7.jpg,cover 2
cover 2_400763462101877401.mp4_frame2.jpg,cover 2
cover 1_401331242101867601.mp4_frame4.jpg,cover 1
cover 2_401135289101957601.mp4_frame0.jpg,cover 2
cover 2_401331242102955501.mp4_frame2.jpg,cover 2
cover 2_401331242102934001.mp4_frame4.jpg,cover 2
cover 1_401331242101878701.mp4_frame2.jpg,cover 1
cover 1_401331242102987001.mp4_frame12.jpg,cover 1
cover 2_401117515101849907.mp4_frame3.jpg,cover 2
cover 2_401135295103989601.mp4_frame2.jpg,cover 2
cover 0_401331242102864101.mp4_frame1.jpg,cover 0
cover 1_401331242102889801.mp4_frame4.jpg,cover 1
cover 2_401331242101958101.mp4_frame22.jpg,cover 2
cover 2_401331242102944601.mp4_frame23.jpg,cover 2
cover 2_401135295102928101.mp4_frame2.jpg,cover 2
cover 1_401331242101904101.mp4_frame8.jpg,cover 1
cover 1_401135295103929101.mp4_frame3.jpg,cover 1
cover 2_401331242101958101.mp4_frame2.jpg,cover 2
cover 3_401117515102934403.mp4_frame3.jpg,cover 3
cover 2_401331242102944601.mp4_frame0.jpg,cover 2
cover 1_400763462103984101.mp4_frame0.jpg,cover 1
cover 2_401331242101868101.mp4_frame7.jpg,cover 2
cover 2_401331242101926501.mp4_frame2.jpg,cover 2
cover 2_401331242101929301.mp4_frame4.jpg,cover 2
cover 1_401331242102885301.mp4_frame8.jpg,cover 1
cover 1_401331242102885301.mp4_frame9.jpg,cover 1
cover 2_401331242101929301.mp4_frame5.jpg,cover 2
cover 2_401331242101926501.mp4_frame3.jpg,cover 2
cover 2_401331242101868101.mp4_frame6.jpg,cover 2
cover 1_400763462103984101.mp4_frame1.jpg,cover 1
cover 2_401331242102944601.mp4_frame1.jpg,cover 2
cover 3_401117515102934403.mp4_frame2.jpg,cover 3
cover 1_401135295103929101.mp4_frame2.jpg,cover 1
cover 1_401331242102885301.mp4_frame20.jpg,cover 1
cover 2_401331242101958101.mp4_frame3.jpg,cover 2
cover 1_401331242101904101.mp4_frame9.jpg,cover 1
cover 2_401135295102928101.mp4_frame3.jpg,cover 2
cover 2_401331242102944601.mp4_frame22.jpg,cover 2
cover 1_401331242102889801.mp4_frame5.jpg,cover 1
cover 2_401331242101958101.mp4_frame23.jpg,cover 2
cover 0_401331242102864101.mp4_frame0.jpg,cover 0
cover 2_401117515101849907.mp4_frame2.jpg,cover 2
cover 1_401331242102987001.mp4_frame13.jpg,cover 1
cover 1_401331242101878701.mp4_frame3.jpg,cover 1
cover 2_401331242102934001.mp4_frame5.jpg,cover 2
cover 2_401135289101957601.mp4_frame1.jpg,cover 2
cover 2_401331242102955501.mp4_frame3.jpg,cover 2
cover 1_401331242101867601.mp4_frame5.jpg,cover 1
cover 2_400763462101877401.mp4_frame3.jpg,cover 2
cover 2_401331242101974101.mp4_frame6.jpg,cover 2
cover 1_401135295103969301.mp4_frame6.jpg,cover 1
cover 1_401331242101886201.mp4_frame3.jpg,cover 1
cover 2_400935229101925601.mp4_frame7.jpg,cover 2
cover 2_400935229101904901.mp4_frame12.jpg,cover 2
cover 1_401135295101855901.mp4_frame0.jpg,cover 1
cover 0_401331242102925701.mp4_frame7.jpg,cover 0
cover 1_401135295101876401.mp4_frame0.jpg,cover 1
cover 3_400935229101919301.mp4_frame9.jpg,cover 3
cover 2_401117515103935004.mp4_frame0.jpg,cover 2
cover 3_400935229101934801.mp4_frame9.jpg,cover 3
cover 1_400935229101864101.mp4_frame5.jpg,cover 1
cover 1_401331242101917301.mp4_frame8.jpg,cover 1
cover 1_400935229101864101.mp4_frame7.jpg,cover 1
cover 2_401117515103935004.mp4_frame2.jpg,cover 2
cover 1_401135295101876401.mp4_frame2.jpg,cover 1
cover 0_401331242102925701.mp4_frame5.jpg,cover 0
cover 1_401135295101855901.mp4_frame2.jpg,cover 1
cover 2_400935229101904901.mp4_frame10.jpg,cover 2
cover 1_401331242102854701.mp4_frame9.jpg,cover 1
cover 1_401331242101886201.mp4_frame1.jpg,cover 1
cover 2_400935229101925601.mp4_frame5.jpg,cover 2
cover 2_401331242101974101.mp4_frame4.jpg,cover 2
cover 2_400763462101877401.mp4_frame1.jpg,cover 2
cover 1_401135295103969301.mp4_frame4.jpg,cover 1
cover 1_401331242101867601.mp4_frame7.jpg,cover 1
cover 2_401331242102934001.mp4_frame7.jpg,cover 2
cover 3_401117515102849905.mp4_frame8.jpg,cover 3
cover 2_401331242102955501.mp4_frame1.jpg,cover 2
cover 2_401135289101957601.mp4_frame3.jpg,cover 2
cover 2_401331242101918901.mp4_frame10.jpg,cover 2
cover 1_401331242102987001.mp4_frame11.jpg,cover 1
cover 1_401331242101878701.mp4_frame1.jpg,cover 1
cover 2_401331242102976001.mp4_frame8.jpg,cover 2
cover 0_401331242102864101.mp4_frame2.jpg,cover 0
cover 2_401135295103989601.mp4_frame1.jpg,cover 2
cover 2_401117515101849907.mp4_frame0.jpg,cover 2
cover 2_401331242101958101.mp4_frame21.jpg,cover 2
cover 1_401331242102889801.mp4_frame7.jpg,cover 1
cover 2_401331242102944601.mp4_frame34.jpg,cover 2
cover 2_401331242102944601.mp4_frame20.jpg,cover 2
cover 2_401135295102928101.mp4_frame1.jpg,cover 2
cover 3_401117515102934403.mp4_frame0.jpg,cover 3
cover 2_401331242101958101.mp4_frame1.jpg,cover 2
cover 1_401135295103929101.mp4_frame0.jpg,cover 1
cover 1_400763462103984101.mp4_frame3.jpg,cover 1
cover 1_401135295101886901.mp4_frame18.jpg,cover 1
cover 2_401331242102944601.mp4_frame3.jpg,cover 2
cover 2_401331242101926501.mp4_frame1.jpg,cover 2
cover 2_401331242101868101.mp4_frame4.jpg,cover 2
cover 2_401331242102998201.mp4_frame8.jpg,cover 2
cover 2_401331242101929301.mp4_frame7.jpg,cover 2
cover 2_401331242101929301.mp4_frame6.jpg,cover 2
cover 2_401331242101868101.mp4_frame5.jpg,cover 2
cover 2_401331242101926501.mp4_frame0.jpg,cover 2
cover 2_401331242102944601.mp4_frame2.jpg,cover 2
cover 1_401135295101886901.mp4_frame19.jpg,cover 1
cover 1_400763462103984101.mp4_frame2.jpg,cover 1
cover 4_400763462101985201.mp4_frame8.jpg,cover 4
cover 2_401331242101958101.mp4_frame0.jpg,cover 2
cover 1_401135295103929101.mp4_frame1.jpg,cover 1
cover 3_401117515102934403.mp4_frame1.jpg,cover 3
cover 2_401135295102928101.mp4_frame0.jpg,cover 2
cover 2_401331242102944601.mp4_frame21.jpg,cover 2
cover 2_401331242101958101.mp4_frame20.jpg,cover 2
cover 1_401331242102889801.mp4_frame6.jpg,cover 1
cover 2_401117515101849907.mp4_frame1.jpg,cover 2
cover 2_401135295103989601.mp4_frame0.jpg,cover 2
cover 0_401331242102864101.mp4_frame3.jpg,cover 0
cover 2_401331242102976001.mp4_frame9.jpg,cover 2
cover 1_401331242101878701.mp4_frame0.jpg,cover 1
cover 1_401331242102987001.mp4_frame10.jpg,cover 1
cover 2_401331242102955501.mp4_frame0.jpg,cover 2
cover 2_401135289101957601.mp4_frame2.jpg,cover 2
cover 2_401331242102934001.mp4_frame6.jpg,cover 2
cover 1_401331242101867601.mp4_frame6.jpg,cover 1
cover 1_401135295103969301.mp4_frame5.jpg,cover 1
cover 2_400763462101877401.mp4_frame0.jpg,cover 2
cover 2_401331242101974101.mp4_frame5.jpg,cover 2
cover 2_400935229101925601.mp4_frame4.jpg,cover 2
cover 1_401331242101886201.mp4_frame0.jpg,cover 1
cover 1_401331242102854701.mp4_frame8.jpg,cover 1
cover 2_400935229101904901.mp4_frame11.jpg,cover 2
cover 2_401117515103935004.mp4_frame3.jpg,cover 2
cover 1_401135295101855901.mp4_frame3.jpg,cover 1
cover 0_401331242102925701.mp4_frame4.jpg,cover 0
cover 1_401135295101876401.mp4_frame3.jpg,cover 1
cover 1_400935229101864101.mp4_frame6.jpg,cover 1
cover 1_401331242101917301.mp4_frame9.jpg,cover 1
cover 1_401331242101878701.mp4_frame10.jpg,cover 1
cover 1_400935229101876901.mp4_frame5.jpg,cover 1
cover 0_401331242102917301.mp4_frame0.jpg,cover 0
cover 3_400763462101859501.mp4_frame0.jpg,cover 3
cover 2_400935229101927901.mp4_frame7.jpg,cover 2
cover 0_401331242102917301.mp4_frame11.jpg,cover 0
cover 1_401331242102995601.mp4_frame4.jpg,cover 1
cover 1_400763462103968801.mp4_frame5.jpg,cover 1
cover 1_401331242101999901.mp4_frame1.jpg,cover 1
cover 0_401135295103859801.mp4_frame7.jpg,cover 0
cover 1_401331242102987001.mp4_frame5.jpg,cover 1
cover 3_400935229101934801.mp4_frame11.jpg,cover 3
cover 2_401331242102976901.mp4_frame30.jpg,cover 2
cover 1_401135289103899201.mp4_frame12.jpg,cover 1
cover 2_401331242102976901.mp4_frame24.jpg,cover 2
cover 3_401117515102934403.mp4_frame10.jpg,cover 3
cover 2_401331242102976901.mp4_frame5.jpg,cover 2
cover 0_401331242101897101.mp4_frame6.jpg,cover 0
cover 2_401331242102976901.mp4_frame18.jpg,cover 2
cover 1_401135295101886901.mp4_frame1.jpg,cover 1
cover 0_401331242102864101.mp4_frame13.jpg,cover 0
cover 1_400935229101876901.mp4_frame10.jpg,cover 1
cover 2_401331242101929301.mp4_frame13.jpg,cover 2
cover 3_401331242101989301.mp4_frame12.jpg,cover 3
cover 1_401331242102945501.mp4_frame18.jpg,cover 1
cover 1_401135295101867901.mp4_frame3.jpg,cover 1
cover 2_401117515101849903.mp4_frame7.jpg,cover 2
cover 1_401135289103899201.mp4_frame8.jpg,cover 1
cover 1_401331242102945501.mp4_frame24.jpg,cover 1
cover 2_401331242102884401.mp4_frame2.jpg,cover 2
cover 2_400935229101915701.mp4_frame15.jpg,cover 2
cover 2_400935229101854501.mp4_frame6.jpg,cover 2
cover 2_401331242101985701.mp4_frame2.jpg,cover 2
cover 1_401135295101876401.mp4_frame13.jpg,cover 1
cover 2_400935229101915701.mp4_frame5.jpg,cover 2
cover 1_401135295101864602.mp4_frame3.jpg,cover 1
cover 1_401331242101854601.mp4_frame0.jpg,cover 1
cover 2_401331242102934001.mp4_frame25.jpg,cover 2
cover 2_400763462102915901.mp4_frame1.jpg,cover 2
cover 2_401331242102955501.mp4_frame10.jpg,cover 2
cover 1_401331242102969501.mp4_frame15.jpg,cover 1
cover 2_401331242102934001.mp4_frame19.jpg,cover 2
cover 4_400763462101855401.mp4_frame2.jpg,cover 4
cover 2_401331242101904901.mp4_frame3.jpg,cover 2
cover 2_401331242102948801.mp4_frame30.jpg,cover 2
cover 2_401331242101918901.mp4_frame2.jpg,cover 2
cover 2_400935229101869501.mp4_frame21.jpg,cover 2
cover 1_401331242101925001.mp4_frame3.jpg,cover 1
cover 1_401331242101999901.mp4_frame10.jpg,cover 1
cover 2_401331242102948801.mp4_frame24.jpg,cover 2
cover 2_401331242102964401.mp4_frame7.jpg,cover 2
cover 3_400935229101924901.mp4_frame1.jpg,cover 3
cover 2_401331242102948801.mp4_frame18.jpg,cover 2
cover 2_401117515101849904.mp4_frame4.jpg,cover 2
cover 3_400935229101924901.mp4_frame0.jpg,cover 3
cover 2_401117515101849904.mp4_frame5.jpg,cover 2
cover 2_401331242102948801.mp4_frame19.jpg,cover 2
cover 1_401331242101925001.mp4_frame2.jpg,cover 1
cover 2_400935229101869501.mp4_frame20.jpg,cover 2
cover 2_401331242101918901.mp4_frame3.jpg,cover 2
cover 2_401331242102964401.mp4_frame6.jpg,cover 2
cover 2_401331242102948801.mp4_frame25.jpg,cover 2
cover 1_401331242101999901.mp4_frame11.jpg,cover 1
cover 2_401331242102948801.mp4_frame31.jpg,cover 2
cover 2_400935229101925601.mp4_frame10.jpg,cover 2
cover 2_401331242101904901.mp4_frame2.jpg,cover 2
cover 4_400763462101855401.mp4_frame3.jpg,cover 4
cover 2_401331242102934001.mp4_frame18.jpg,cover 2
cover 2_401331242102955501.mp4_frame11.jpg,cover 2
cover 1_401331242102969501.mp4_frame14.jpg,cover 1
cover 2_400763462102915901.mp4_frame0.jpg,cover 2
cover 2_401331242102934001.mp4_frame24.jpg,cover 2
cover 1_401331242101854601.mp4_frame1.jpg,cover 1
cover 1_401135295101864602.mp4_frame2.jpg,cover 1
cover 2_400935229101915701.mp4_frame4.jpg,cover 2
cover 1_401135295101876401.mp4_frame12.jpg,cover 1
cover 2_401331242101985701.mp4_frame3.jpg,cover 2
cover 2_400935229101915701.mp4_frame14.jpg,cover 2
cover 2_401331242102884401.mp4_frame3.jpg,cover 2
cover 1_401331242102945501.mp4_frame25.jpg,cover 1
cover 1_401135289103899201.mp4_frame9.jpg,cover 1
cover 2_401117515101849903.mp4_frame6.jpg,cover 2
cover 1_401135295101867901.mp4_frame2.jpg,cover 1
cover 1_401331242102945501.mp4_frame19.jpg,cover 1
cover 2_401331242101929301.mp4_frame12.jpg,cover 2
cover 1_400935229101876901.mp4_frame11.jpg,cover 1
cover 1_401135295101886901.mp4_frame0.jpg,cover 1
cover 0_401331242102864101.mp4_frame12.jpg,cover 0
cover 3_401117515102934403.mp4_frame11.jpg,cover 3
cover 2_401331242102976901.mp4_frame19.jpg,cover 2
cover 0_401331242101897101.mp4_frame7.jpg,cover 0
cover 2_401331242102976901.mp4_frame4.jpg,cover 2
cover 2_400763462102909002.mp4_frame8.jpg,cover 2
cover 1_401135289103899201.mp4_frame13.jpg,cover 1
cover 2_401331242102976901.mp4_frame25.jpg,cover 2
cover 3_400935229101934801.mp4_frame10.jpg,cover 3
cover 1_401331242102987001.mp4_frame4.jpg,cover 1
cover 1_401331242101999901.mp4_frame0.jpg,cover 1
cover 0_401135295103859801.mp4_frame6.jpg,cover 0
cover 1_400763462103968801.mp4_frame4.jpg,cover 1
cover 0_401331242102917301.mp4_frame10.jpg,cover 0
cover 1_401331242102995601.mp4_frame5.jpg,cover 1
cover 2_400935229101927901.mp4_frame6.jpg,cover 2
cover 3_400763462101859501.mp4_frame1.jpg,cover 3
cover 0_401331242102917301.mp4_frame1.jpg,cover 0
cover 1_400935229101876901.mp4_frame4.jpg,cover 1
cover 0_401331242102917301.mp4_frame3.jpg,cover 0
cover 3_400763462101859501.mp4_frame3.jpg,cover 3
cover 2_400935229101927901.mp4_frame4.jpg,cover 2
cover 1_400935229101876901.mp4_frame6.jpg,cover 1
cover 1_400763462103968801.mp4_frame6.jpg,cover 1
cover 1_401331242102995601.mp4_frame7.jpg,cover 1
cover 2_401331242101959801.mp4_frame9.jpg,cover 2
cover 0_401331242102917301.mp4_frame12.jpg,cover 0
cover 0_401135295103859801.mp4_frame4.jpg,cover 0
cover 1_401331242101999901.mp4_frame2.jpg,cover 1
cover 0_400763462104978301.mp4_frame4.jpg,cover 0
cover 1_401331242102987001.mp4_frame6.jpg,cover 1
cover 3_400935229101934801.mp4_frame12.jpg,cover 3
cover 2_401331242102976901.mp4_frame27.jpg,cover 2
cover 1_401135289103899201.mp4_frame11.jpg,cover 1
cover 2_401331242102976901.mp4_frame6.jpg,cover 2
cover 0_401331242101897101.mp4_frame5.jpg,cover 0
cover 0_401331242102864101.mp4_frame10.jpg,cover 0
cover 1_401135295101886901.mp4_frame2.jpg,cover 1
cover 3_401331242101989301.mp4_frame11.jpg,cover 3
cover 2_401331242101929301.mp4_frame10.jpg,cover 2
cover 2_401117515101849903.mp4_frame4.jpg,cover 2
cover 1_401135295101867901.mp4_frame0.jpg,cover 1
cover 2_401331242102884401.mp4_frame1.jpg,cover 2
cover 2_400935229101854501.mp4_frame5.jpg,cover 2
cover 2_401331242101985701.mp4_frame1.jpg,cover 2
cover 2_401331242102884401.mp4_frame20.jpg,cover 2
cover 2_400935229101915701.mp4_frame16.jpg,cover 2
cover 2_400935229101915701.mp4_frame6.jpg,cover 2
cover 1_401331242102969501.mp4_frame8.jpg,cover 1
cover 1_401135295101876401.mp4_frame10.jpg,cover 1
cover 1_401331242102969501.mp4_frame16.jpg,cover 1
cover 2_401331242102955501.mp4_frame13.jpg,cover 2
cover 1_401135295101864602.mp4_frame0.jpg,cover 1
cover 2_401331242102934001.mp4_frame26.jpg,cover 2
cover 1_401331242101854601.mp4_frame3.jpg,cover 1
cover 2_400763462102915901.mp4_frame2.jpg,cover 2
cover 4_400763462101855401.mp4_frame1.jpg,cover 4
cover 2_401331242101904901.mp4_frame0.jpg,cover 2
cover 1_401331242101999901.mp4_frame13.jpg,cover 1
cover 2_401331242102948801.mp4_frame27.jpg,cover 2
cover 2_401331242102964401.mp4_frame4.jpg,cover 2
cover 2_401331242101918901.mp4_frame1.jpg,cover 2
cover 2_400935229101869501.mp4_frame8.jpg,cover 2
cover 2_400935229101869501.mp4_frame22.jpg,cover 2
cover 1_401331242101925001.mp4_frame0.jpg,cover 1
cover 2_401331242102948801.mp4_frame33.jpg,cover 2
cover 2_401117515101849904.mp4_frame7.jpg,cover 2
cover 3_400935229101924901.mp4_frame2.jpg,cover 3
cover 2_401117515101849904.mp4_frame6.jpg,cover 2
cover 3_400935229101924901.mp4_frame3.jpg,cover 3
cover 2_401331242102948801.mp4_frame32.jpg,cover 2
cover 2_401331242102964401.mp4_frame5.jpg,cover 2
cover 2_401331242102948801.mp4_frame26.jpg,cover 2
cover 1_401331242101999901.mp4_frame12.jpg,cover 1
cover 1_401331242101925001.mp4_frame1.jpg,cover 1
cover 2_400935229101869501.mp4_frame9.jpg,cover 2
cover 2_400935229101869501.mp4_frame23.jpg,cover 2
cover 2_401331242101918901.mp4_frame0.jpg,cover 2
cover 2_401331242101904901.mp4_frame1.jpg,cover 2
cover 4_400763462101855401.mp4_frame0.jpg,cover 4
cover 2_400763462102915901.mp4_frame3.jpg,cover 2
cover 1_401331242101854601.mp4_frame2.jpg,cover 1
cover 2_401331242102934001.mp4_frame27.jpg,cover 2
cover 1_401135295101864602.mp4_frame1.jpg,cover 1
cover 2_401331242102955501.mp4_frame12.jpg,cover 2
cover 1_401331242102969501.mp4_frame9.jpg,cover 1
cover 1_401135295101876401.mp4_frame11.jpg,cover 1
cover 2_400935229101915701.mp4_frame7.jpg,cover 2
cover 2_401331242101985701.mp4_frame0.jpg,cover 2
cover 2_400935229101854501.mp4_frame4.jpg,cover 2
cover 2_401331242102884401.mp4_frame0.jpg,cover 2
cover 1_401135295101867901.mp4_frame1.jpg,cover 1
cover 2_401117515101849903.mp4_frame5.jpg,cover 2
cover 2_401331242101929301.mp4_frame11.jpg,cover 2
cover 3_401331242101989301.mp4_frame10.jpg,cover 3
cover 0_401331242102864101.mp4_frame11.jpg,cover 0
cover 1_401135295101886901.mp4_frame3.jpg,cover 1
cover 0_401331242101897101.mp4_frame4.jpg,cover 0
cover 2_401331242102976901.mp4_frame7.jpg,cover 2
cover 2_401331242102976901.mp4_frame26.jpg,cover 2
cover 1_401135289103899201.mp4_frame10.jpg,cover 1
cover 3_400935229101934801.mp4_frame13.jpg,cover 3
cover 1_401331242102987001.mp4_frame7.jpg,cover 1
cover 0_401135295103859801.mp4_frame5.jpg,cover 0
cover 1_401331242101999901.mp4_frame3.jpg,cover 1
cover 2_401331242101959801.mp4_frame8.jpg,cover 2
cover 1_401331242102995601.mp4_frame6.jpg,cover 1
cover 0_401331242102917301.mp4_frame13.jpg,cover 0
cover 1_400763462103968801.mp4_frame7.jpg,cover 1
cover 1_400935229101876901.mp4_frame7.jpg,cover 1
cover 2_400935229101927901.mp4_frame5.jpg,cover 2
cover 3_400763462101859501.mp4_frame2.jpg,cover 3
cover 0_401331242102917301.mp4_frame2.jpg,cover 0
cover 1_400763462103968801.mp4_frame3.jpg,cover 1
cover 1_401135295101867901.mp4_frame13.jpg,cover 1
cover 1_401331242102995601.mp4_frame2.jpg,cover 1
cover 0_401331242102917301.mp4_frame6.jpg,cover 0
cover 3_400763462101859501.mp4_frame6.jpg,cover 3
cover 2_400935229101927901.mp4_frame1.jpg,cover 2
cover 1_400935229101876901.mp4_frame3.jpg,cover 1
cover 2_401331242102948801.mp4_frame9.jpg,cover 2
cover 1_401331242102945501.mp4_frame8.jpg,cover 1
cover 0_400763462104978301.mp4_frame1.jpg,cover 0
cover 1_401331242102987001.mp4_frame3.jpg,cover 1
cover 1_401135295101864602.mp4_frame10.jpg,cover 1
cover 1_401331242101886201.mp4_frame12.jpg,cover 1
cover 1_401331242101999901.mp4_frame7.jpg,cover 1
cover 0_401135295103859801.mp4_frame1.jpg,cover 0
cover 0_401331242101897101.mp4_frame0.jpg,cover 0
cover 2_401331242102976901.mp4_frame3.jpg,cover 2
cover 2_401331242102976901.mp4_frame22.jpg,cover 2
cover 2_401331242101929301.mp4_frame15.jpg,cover 2
cover 1_401135295101886901.mp4_frame7.jpg,cover 1
cover 0_401331242102864101.mp4_frame15.jpg,cover 0
cover 2_401331242102884401.mp4_frame4.jpg,cover 2
cover 1_401331242102945501.mp4_frame22.jpg,cover 1
cover 2_401117515101849903.mp4_frame1.jpg,cover 2
cover 2_401331242101977901.mp4_frame8.jpg,cover 2
cover 1_401135295101867901.mp4_frame5.jpg,cover 1
cover 2_400935229101915701.mp4_frame3.jpg,cover 2
cover 2_401331242102884401.mp4_frame19.jpg,cover 2
cover 1_401135295101876401.mp4_frame15.jpg,cover 1
cover 2_401135295102928101.mp4_frame13.jpg,cover 2
cover 2_400935229101854501.mp4_frame0.jpg,cover 2
cover 2_401331242101985701.mp4_frame4.jpg,cover 2
cover 2_400935229101915701.mp4_frame13.jpg,cover 2
cover 1_401135295101858801.mp4_frame9.jpg,cover 1
cover 1_400935229101905601.mp4_frame8.jpg,cover 1
cover 2_401331242101904901.mp4_frame5.jpg,cover 2
cover 4_400763462101855401.mp4_frame4.jpg,cover 4
cover 2_401331242102955501.mp4_frame16.jpg,cover 2
cover 1_401331242102969501.mp4_frame13.jpg,cover 1
cover 1_401135295101864602.mp4_frame5.jpg,cover 1
cover 2_401331242102934001.mp4_frame23.jpg,cover 2
cover 1_401331242101854601.mp4_frame6.jpg,cover 1
cover 2_401117515101849904.mp4_frame2.jpg,cover 2
cover 2_401331242102976001.mp4_frame12.jpg,cover 2
cover 2_401331242101918901.mp4_frame4.jpg,cover 2
cover 2_401331242102948801.mp4_frame22.jpg,cover 2
cover 2_401331242102964401.mp4_frame1.jpg,cover 2
cover 1_401331242101925001.mp4_frame4.jpg,cover 1
cover 2_401331242101918901.mp4_frame5.jpg,cover 2
cover 2_401331242102964401.mp4_frame0.jpg,cover 2
cover 2_401331242102948801.mp4_frame23.jpg,cover 2
cover 2_401331242102976001.mp4_frame13.jpg,cover 2
cover 2_401117515101849904.mp4_frame3.jpg,cover 2
cover 1_401331242101854601.mp4_frame7.jpg,cover 1
cover 2_401331242102934001.mp4_frame22.jpg,cover 2
cover 1_401135295101864602.mp4_frame4.jpg,cover 1
cover 2_401331242102955501.mp4_frame17.jpg,cover 2
cover 1_401331242102969501.mp4_frame12.jpg,cover 1
cover 4_400763462101855401.mp4_frame5.jpg,cover 4
cover 2_401331242101904901.mp4_frame4.jpg,cover 2
cover 1_401135295101858801.mp4_frame8.jpg,cover 1
cover 1_400935229101905601.mp4_frame9.jpg,cover 1
cover 2_400935229101915701.mp4_frame12.jpg,cover 2
cover 2_401135295102928101.mp4_frame12.jpg,cover 2
cover 2_401331242101985701.mp4_frame5.jpg,cover 2
cover 2_400935229101854501.mp4_frame1.jpg,cover 2
cover 1_401135295101876401.mp4_frame14.jpg,cover 1
cover 2_401331242102884401.mp4_frame18.jpg,cover 2
cover 2_400935229101915701.mp4_frame2.jpg,cover 2
cover 1_401135295101867901.mp4_frame4.jpg,cover 1
cover 2_401331242101977901.mp4_frame9.jpg,cover 2
cover 2_401117515101849903.mp4_frame0.jpg,cover 2
cover 1_401331242102945501.mp4_frame23.jpg,cover 1
cover 2_401331242102884401.mp4_frame5.jpg,cover 2
cover 1_401135295101886901.mp4_frame6.jpg,cover 1
cover 0_401331242102864101.mp4_frame14.jpg,cover 0
cover 2_401331242101929301.mp4_frame14.jpg,cover 2
cover 2_401331242102976901.mp4_frame23.jpg,cover 2
cover 2_401331242102976901.mp4_frame2.jpg,cover 2
cover 0_401331242101897101.mp4_frame1.jpg,cover 0
cover 1_401331242101886201.mp4_frame13.jpg,cover 1
cover 1_401331242101999901.mp4_frame6.jpg,cover 1
cover 0_401135295103859801.mp4_frame0.jpg,cover 0
cover 1_401331242102987001.mp4_frame2.jpg,cover 1
cover 0_400763462104978301.mp4_frame0.jpg,cover 0
cover 1_401331242102945501.mp4_frame9.jpg,cover 1
cover 2_401331242102948801.mp4_frame8.jpg,cover 2
cover 1_400935229101876901.mp4_frame2.jpg,cover 1
cover 2_400935229101927901.mp4_frame0.jpg,cover 2
cover 3_400763462101859501.mp4_frame7.jpg,cover 3
cover 0_401331242102917301.mp4_frame7.jpg,cover 0
cover 0_401331242102917301.mp4_frame16.jpg,cover 0
cover 1_401331242102995601.mp4_frame3.jpg,cover 1
cover 1_400763462103968801.mp4_frame2.jpg,cover 1
cover 1_401135295101867901.mp4_frame12.jpg,cover 1
cover 1_401331242102995601.mp4_frame1.jpg,cover 1
cover 0_401331242102917301.mp4_frame14.jpg,cover 0
cover 3_400935229101866201.mp4_frame9.jpg,cover 3
cover 1_401135295101867901.mp4_frame10.jpg,cover 1
cover 2_401117515103935004.mp4_frame10.jpg,cover 2
cover 1_400763462103968801.mp4_frame0.jpg,cover 1
cover 1_400935229101876901.mp4_frame0.jpg,cover 1
cover 0_401331242102917301.mp4_frame5.jpg,cover 0
cover 3_400763462101859501.mp4_frame5.jpg,cover 3
cover 2_400935229101927901.mp4_frame2.jpg,cover 2
cover 1_401331242102987001.mp4_frame0.jpg,cover 1
cover 3_400935229101934801.mp4_frame14.jpg,cover 3
cover 0_400763462104978301.mp4_frame2.jpg,cover 0
cover 0_401135295103859801.mp4_frame2.jpg,cover 0
cover 1_401331242101999901.mp4_frame4.jpg,cover 1
cover 1_401331242101886201.mp4_frame11.jpg,cover 1
cover 2_401331242102898301.mp4_frame8.jpg,cover 2
cover 0_401331242101897101.mp4_frame3.jpg,cover 0
cover 2_401331242102976901.mp4_frame0.jpg,cover 2
cover 2_401331242102976901.mp4_frame21.jpg,cover 2
cover 2_401331242101929301.mp4_frame16.jpg,cover 2
cover 0_401331242102864101.mp4_frame16.jpg,cover 0
cover 1_401135295101886901.mp4_frame4.jpg,cover 1
cover 1_401331242102945501.mp4_frame21.jpg,cover 1
cover 2_401331242102884401.mp4_frame7.jpg,cover 2
cover 1_401135295101867901.mp4_frame6.jpg,cover 1
cover 2_401117515101849903.mp4_frame2.jpg,cover 2
cover 1_401135295101876401.mp4_frame16.jpg,cover 1
cover 2_400935229101915701.mp4_frame0.jpg,cover 2
cover 2_400935229101915701.mp4_frame10.jpg,cover 2
cover 2_400935229101854501.mp4_frame3.jpg,cover 2
cover 2_401331242101985701.mp4_frame7.jpg,cover 2
cover 2_401135295102928101.mp4_frame10.jpg,cover 2
cover 2_401331242101904901.mp4_frame6.jpg,cover 2
cover 4_400763462101855401.mp4_frame7.jpg,cover 4
cover 1_401135295101864602.mp4_frame6.jpg,cover 1
cover 1_401331242101854601.mp4_frame5.jpg,cover 1
cover 2_401331242102934001.mp4_frame20.jpg,cover 2
cover 2_400763462102915901.mp4_frame4.jpg,cover 2
cover 1_401331242102969501.mp4_frame10.jpg,cover 1
cover 2_401331242102955501.mp4_frame15.jpg,cover 2
cover 1_400935229101858401.mp4_frame9.jpg,cover 1
cover 2_401117515101849904.mp4_frame1.jpg,cover 2
cover 2_401331242102976001.mp4_frame11.jpg,cover 2
cover 3_400935229101924901.mp4_frame4.jpg,cover 3
cover 2_400935229101869501.mp4_frame18.jpg,cover 2
cover 2_401331242102948801.mp4_frame21.jpg,cover 2
cover 2_401331242102964401.mp4_frame2.jpg,cover 2
cover 2_401331242101918901.mp4_frame7.jpg,cover 2
cover 2_400935229101869501.mp4_frame24.jpg,cover 2
cover 2_401331242102964401.mp4_frame3.jpg,cover 2
cover 2_401331242102948801.mp4_frame20.jpg,cover 2
cover 1_401331242101999901.mp4_frame14.jpg,cover 1
cover 2_401331242101918901.mp4_frame6.jpg,cover 2
cover 2_401331242102948801.mp4_frame34.jpg,cover 2
cover 2_401331242102976001.mp4_frame10.jpg,cover 2
cover 2_401117515101849904.mp4_frame0.jpg,cover 2
cover 3_400935229101866201.mp4_frame10.jpg,cover 3
cover 2_400935229101869501.mp4_frame19.jpg,cover 2
cover 3_400935229101924901.mp4_frame5.jpg,cover 3
cover 1_400935229101858401.mp4_frame8.jpg,cover 1
cover 1_401331242102969501.mp4_frame11.jpg,cover 1
cover 2_401135289102988101.mp4_frame8.jpg,cover 2
cover 2_401331242102955501.mp4_frame14.jpg,cover 2
cover 2_401331242102934001.mp4_frame21.jpg,cover 2
cover 1_401331242101854601.mp4_frame4.jpg,cover 1
cover 1_401135295101864602.mp4_frame7.jpg,cover 1
cover 4_400763462101855401.mp4_frame6.jpg,cover 4
cover 2_401331242101904901.mp4_frame7.jpg,cover 2
cover 2_401331242101985701.mp4_frame6.jpg,cover 2
cover 2_400935229101854501.mp4_frame2.jpg,cover 2
cover 2_401135295102928101.mp4_frame11.jpg,cover 2
cover 2_400935229101915701.mp4_frame11.jpg,cover 2
cover 2_400935229101915701.mp4_frame1.jpg,cover 2
cover 1_401135295101876401.mp4_frame17.jpg,cover 1
cover 2_401117515101849903.mp4_frame3.jpg,cover 2
cover 1_401135295101867901.mp4_frame7.jpg,cover 1
cover 2_401331242102884401.mp4_frame6.jpg,cover 2
cover 1_401331242102945501.mp4_frame20.jpg,cover 1
cover 0_401331242102864101.mp4_frame17.jpg,cover 0
cover 1_401135295101886901.mp4_frame5.jpg,cover 1
cover 2_401331242102976901.mp4_frame20.jpg,cover 2
cover 2_401331242102976901.mp4_frame1.jpg,cover 2
cover 0_401331242101897101.mp4_frame2.jpg,cover 0
cover 2_401331242102898301.mp4_frame9.jpg,cover 2
cover 0_401135295103859801.mp4_frame3.jpg,cover 0
cover 1_401331242101999901.mp4_frame5.jpg,cover 1
cover 1_401331242101886201.mp4_frame10.jpg,cover 1
cover 0_400763462104978301.mp4_frame3.jpg,cover 0
cover 1_401331242102987001.mp4_frame1.jpg,cover 1
cover 1_401331242101917301.mp4_frame18.jpg,cover 1
cover 2_400935229101927901.mp4_frame3.jpg,cover 2
cover 3_400763462101859501.mp4_frame4.jpg,cover 3
cover 0_401331242102917301.mp4_frame4.jpg,cover 0
cover 1_400935229101876901.mp4_frame1.jpg,cover 1
cover 1_401135295101867901.mp4_frame11.jpg,cover 1
cover 3_400935229101866201.mp4_frame8.jpg,cover 3
cover 1_400763462103968801.mp4_frame1.jpg,cover 1
cover 2_401117515103935004.mp4_frame11.jpg,cover 2
cover 1_401331242102995601.mp4_frame0.jpg,cover 1
cover 0_401331242102917301.mp4_frame15.jpg,cover 0
